-- Adminer 4.8.1 MySQL 8.0.34-0ubuntu0.22.04.1 dump

SET NAMES utf8;
SET time_zone = '+00:00';
SET foreign_key_checks = 0;
SET sql_mode = 'NO_AUTO_VALUE_ON_ZERO';

SET NAMES utf8mb4;

DROP DATABASE IF EXISTS `panier-client-symfony`;
CREATE DATABASE `panier-client-symfony` /*!40100 DEFAULT CHARACTER SET utf8mb4 COLLATE utf8mb4_0900_ai_ci */ /*!80016 DEFAULT ENCRYPTION='N' */;
USE `panier-client-symfony`;

DROP TABLE IF EXISTS `category`;
CREATE TABLE `category` (
  `id` int NOT NULL AUTO_INCREMENT,
  `name` varchar(255) COLLATE utf8mb4_unicode_ci NOT NULL,
  `intitule` varchar(255) COLLATE utf8mb4_unicode_ci NOT NULL,
  `slug` varchar(255) COLLATE utf8mb4_unicode_ci NOT NULL,
  `created_at` datetime DEFAULT NULL COMMENT '(DC2Type:datetime_immutable)',
  `updated_at` datetime DEFAULT NULL COMMENT '(DC2Type:datetime_immutable)',
  PRIMARY KEY (`id`),
  UNIQUE KEY `UNIQ_64C19C1989D9B62` (`slug`)
) ENGINE=InnoDB AUTO_INCREMENT=7 DEFAULT CHARSET=utf8mb4 COLLATE=utf8mb4_unicode_ci;

INSERT INTO `category` (`id`, `name`, `intitule`, `slug`, `created_at`, `updated_at`) VALUES
(1,	'Category6524c652384c6',	'Lorem ipsum dolor sit amet, consectetur',	'category6524c652384c6',	'2023-10-10 03:34:42',	NULL),
(2,	'Category6524c652384e7',	'Lorem ipsum dolor sit amet, consectetur',	'category6524c652384e7',	'2023-10-10 03:34:42',	NULL),
(3,	'Category6524c652384fc',	'Lorem ipsum dolor sit amet, consectetur',	'category6524c652384fc',	'2023-10-10 03:34:42',	NULL),
(4,	'Category6524c6523850f',	'Lorem ipsum dolor sit amet, consectetur',	'category6524c6523850f',	'2023-10-10 03:34:42',	NULL),
(5,	'Category6524c65238522',	'Lorem ipsum dolor sit amet, consectetur',	'category6524c65238522',	'2023-10-10 03:34:42',	NULL),
(6,	'Category6524c65238533',	'Lorem ipsum dolor sit amet, consectetur',	'category6524c65238533',	'2023-10-10 03:34:42',	NULL)
ON DUPLICATE KEY UPDATE `id` = VALUES(`id`), `name` = VALUES(`name`), `intitule` = VALUES(`intitule`), `slug` = VALUES(`slug`), `created_at` = VALUES(`created_at`), `updated_at` = VALUES(`updated_at`);

DROP TABLE IF EXISTS `commande`;
CREATE TABLE `commande` (
  `id` int NOT NULL AUTO_INCREMENT,
  `user_id` int DEFAULT NULL,
  `date_cmd` datetime DEFAULT NULL COMMENT '(DC2Type:datetime_immutable)',
  `status` tinyint(1) DEFAULT NULL,
  `quantities` int NOT NULL,
  `slug` varchar(255) COLLATE utf8mb4_unicode_ci NOT NULL,
  `created_at` datetime DEFAULT NULL COMMENT '(DC2Type:datetime_immutable)',
  `updated_at` datetime DEFAULT NULL COMMENT '(DC2Type:datetime_immutable)',
  PRIMARY KEY (`id`),
  UNIQUE KEY `UNIQ_6EEAA67D989D9B62` (`slug`),
  KEY `IDX_6EEAA67DA76ED395` (`user_id`),
  CONSTRAINT `FK_6EEAA67DA76ED395` FOREIGN KEY (`user_id`) REFERENCES `user` (`id`)
) ENGINE=InnoDB AUTO_INCREMENT=23 DEFAULT CHARSET=utf8mb4 COLLATE=utf8mb4_unicode_ci;

INSERT INTO `commande` (`id`, `user_id`, `date_cmd`, `status`, `quantities`, `slug`, `created_at`, `updated_at`) VALUES
(1,	7,	'2023-10-10 03:34:42',	0,	5,	'cmd-5user6524c652386ee-at-com-10-10-2023-03-34-42',	'2023-10-10 03:34:42',	NULL),
(2,	8,	'2023-10-10 03:34:43',	0,	1,	'cmd-1user6524c652c6769-at-com-10-10-2023-03-34-43',	'2023-10-10 03:34:43',	NULL),
(3,	9,	'2023-10-10 03:34:43',	0,	1,	'cmd-1user6524c65360605-at-com-10-10-2023-03-34-43',	'2023-10-10 03:34:43',	NULL),
(4,	10,	'2023-10-10 03:34:44',	0,	6,	'cmd-6user6524c653ee8e9-at-com-10-10-2023-03-34-44',	'2023-10-10 03:34:44',	NULL),
(5,	11,	'2023-10-10 03:34:45',	0,	6,	'cmd-6user6524c65488968-at-com-10-10-2023-03-34-45',	'2023-10-10 03:34:45',	NULL),
(6,	12,	'2023-10-10 03:34:45',	0,	3,	'cmd-3user6524c65522777-at-com-10-10-2023-03-34-45',	'2023-10-10 03:34:45',	NULL),
(7,	13,	'2023-10-10 03:34:46',	0,	2,	'cmd-2user6524c655b0a85-at-com-10-10-2023-03-34-46',	'2023-10-10 03:34:46',	NULL),
(8,	14,	'2023-10-10 03:34:46',	0,	1,	'cmd-1user6524c6564b264-at-com-10-10-2023-03-34-46',	'2023-10-10 03:34:46',	NULL),
(9,	15,	'2023-10-10 03:34:47',	0,	3,	'cmd-3user6524c656d972b-at-com-10-10-2023-03-34-47',	'2023-10-10 03:34:47',	NULL),
(10,	16,	'2023-10-10 03:34:48',	0,	4,	'cmd-4user6524c657735bd-at-com-10-10-2023-03-34-48',	'2023-10-10 03:34:48',	NULL),
(11,	17,	'2023-10-10 03:34:48',	0,	6,	'cmd-6user6524c6581259f-at-com-10-10-2023-03-34-48',	'2023-10-10 03:34:48',	NULL),
(12,	6,	'2023-10-10 03:34:48',	0,	3,	'cmd-3user6524c6519dbe4-at-com-10-10-2023-03-34-48',	'2023-10-10 03:34:48',	NULL),
(13,	8,	'2023-10-10 03:34:48',	0,	51,	'cmd-51user6524c652c6769-at-com-10-10-2023-03-34-48',	'2023-10-10 03:34:48',	NULL),
(14,	17,	'2023-10-10 03:34:48',	0,	90,	'cmd-90user6524c6581259f-at-com-10-10-2023-03-34-48',	'2023-10-10 03:34:48',	NULL),
(15,	10,	'2023-10-10 03:34:48',	0,	66,	'cmd-66user6524c653ee8e9-at-com-10-10-2023-03-34-48',	'2023-10-10 03:34:48',	NULL),
(16,	8,	'2023-10-10 03:34:48',	0,	7,	'cmd-7user6524c652c6769-at-com-10-10-2023-03-34-48',	'2023-10-10 03:34:48',	NULL),
(17,	16,	'2023-10-10 03:34:48',	0,	10,	'cmd-10user6524c657735bd-at-com-10-10-2023-03-34-48',	'2023-10-10 03:34:48',	NULL),
(18,	11,	'2023-10-10 03:34:48',	0,	62,	'cmd-62user6524c65488968-at-com-10-10-2023-03-34-48',	'2023-10-10 03:34:48',	NULL),
(19,	12,	'2023-10-10 03:34:48',	0,	15,	'cmd-15user6524c65522777-at-com-10-10-2023-03-34-48',	'2023-10-10 03:34:48',	NULL),
(20,	11,	'2023-10-10 03:34:48',	0,	48,	'cmd-48user6524c65488968-at-com-10-10-2023-03-34-48',	'2023-10-10 03:34:48',	NULL),
(21,	15,	'2023-10-10 03:34:48',	0,	4,	'cmd-4user6524c656d972b-at-com-10-10-2023-03-34-48',	'2023-10-10 03:34:48',	NULL),
(22,	2,	'2023-10-10 03:34:48',	0,	74,	'cmd-74user6524c64f475cb-at-com-10-10-2023-03-34-48',	'2023-10-10 03:34:48',	NULL)
ON DUPLICATE KEY UPDATE `id` = VALUES(`id`), `user_id` = VALUES(`user_id`), `date_cmd` = VALUES(`date_cmd`), `status` = VALUES(`status`), `quantities` = VALUES(`quantities`), `slug` = VALUES(`slug`), `created_at` = VALUES(`created_at`), `updated_at` = VALUES(`updated_at`);

DROP TABLE IF EXISTS `commande_product`;
CREATE TABLE `commande_product` (
  `commande_id` int NOT NULL,
  `product_id` int NOT NULL,
  PRIMARY KEY (`commande_id`,`product_id`),
  KEY `IDX_25F1760D82EA2E54` (`commande_id`),
  KEY `IDX_25F1760D4584665A` (`product_id`),
  CONSTRAINT `FK_25F1760D4584665A` FOREIGN KEY (`product_id`) REFERENCES `product` (`id`) ON DELETE CASCADE,
  CONSTRAINT `FK_25F1760D82EA2E54` FOREIGN KEY (`commande_id`) REFERENCES `commande` (`id`) ON DELETE CASCADE
) ENGINE=InnoDB DEFAULT CHARSET=utf8mb4 COLLATE=utf8mb4_unicode_ci;

INSERT INTO `commande_product` (`commande_id`, `product_id`) VALUES
(1,	1),
(1,	2),
(1,	3),
(1,	4),
(1,	5),
(1,	6),
(1,	7),
(2,	1),
(2,	2),
(2,	3),
(3,	1),
(3,	2),
(3,	3),
(4,	1),
(4,	2),
(4,	3),
(4,	4),
(4,	5),
(4,	6),
(4,	7),
(4,	8),
(4,	9),
(5,	1),
(5,	2),
(5,	3),
(5,	4),
(5,	5),
(5,	6),
(6,	1),
(6,	2),
(6,	3),
(6,	4),
(6,	5),
(6,	6),
(6,	7),
(6,	8),
(6,	9),
(7,	1),
(7,	2),
(7,	3),
(7,	4),
(7,	5),
(7,	6),
(7,	7),
(8,	1),
(8,	2),
(8,	3),
(8,	4),
(8,	5),
(8,	6),
(8,	7),
(9,	1),
(9,	2),
(10,	1),
(10,	2),
(10,	3),
(10,	4),
(11,	1),
(11,	2),
(11,	3),
(11,	4),
(11,	5),
(11,	6),
(11,	7),
(12,	21),
(12,	22),
(12,	23),
(12,	24),
(12,	25),
(12,	26),
(12,	27),
(12,	28),
(12,	29),
(12,	30),
(12,	31),
(13,	32),
(13,	33),
(13,	34),
(13,	35),
(13,	36),
(13,	37),
(13,	38),
(13,	39),
(14,	40),
(14,	41),
(14,	42),
(14,	43),
(14,	44),
(14,	45),
(14,	46),
(14,	47),
(14,	48),
(14,	49),
(15,	50),
(15,	51),
(15,	52),
(15,	53),
(15,	54),
(15,	55),
(15,	56),
(15,	57),
(15,	58),
(16,	59),
(16,	60),
(16,	61),
(16,	62),
(16,	63),
(16,	64),
(16,	65),
(16,	66),
(16,	67),
(16,	68),
(17,	69),
(17,	70),
(17,	71),
(17,	72),
(17,	73),
(17,	74),
(17,	75),
(17,	76),
(17,	77),
(17,	78),
(17,	79),
(17,	80),
(17,	81),
(17,	82),
(17,	83),
(17,	84),
(17,	85),
(18,	86),
(18,	87),
(18,	88),
(18,	89),
(18,	90),
(18,	91),
(18,	92),
(18,	93),
(18,	94),
(18,	95),
(18,	96),
(18,	97),
(18,	98),
(18,	99),
(19,	100),
(19,	101),
(19,	102),
(19,	103),
(19,	104),
(19,	105),
(19,	106),
(19,	107),
(19,	108),
(19,	109),
(19,	110),
(20,	111),
(20,	112),
(20,	113),
(20,	114),
(20,	115),
(21,	116),
(21,	117),
(21,	118),
(21,	119),
(21,	120),
(21,	121),
(21,	122),
(21,	123),
(21,	124),
(21,	125),
(22,	126),
(22,	127),
(22,	128),
(22,	129),
(22,	130),
(22,	131),
(22,	132),
(22,	133),
(22,	134),
(22,	135),
(22,	136)
ON DUPLICATE KEY UPDATE `commande_id` = VALUES(`commande_id`), `product_id` = VALUES(`product_id`);

DROP TABLE IF EXISTS `product`;
CREATE TABLE `product` (
  `id` int NOT NULL AUTO_INCREMENT,
  `category_id` int NOT NULL,
  `name` varchar(255) COLLATE utf8mb4_unicode_ci NOT NULL,
  `description` varchar(255) COLLATE utf8mb4_unicode_ci NOT NULL,
  `image_name` varchar(255) COLLATE utf8mb4_unicode_ci DEFAULT NULL,
  `quantity` double NOT NULL,
  `slug` varchar(255) COLLATE utf8mb4_unicode_ci NOT NULL,
  `created_at` datetime DEFAULT NULL COMMENT '(DC2Type:datetime_immutable)',
  `updated_at` datetime DEFAULT NULL COMMENT '(DC2Type:datetime_immutable)',
  `price` double NOT NULL,
  `discount_percentage` int DEFAULT NULL,
  `currency` varchar(10) COLLATE utf8mb4_unicode_ci NOT NULL,
  PRIMARY KEY (`id`),
  UNIQUE KEY `UNIQ_D34A04AD989D9B62` (`slug`),
  KEY `IDX_D34A04AD12469DE2` (`category_id`),
  CONSTRAINT `FK_D34A04AD12469DE2` FOREIGN KEY (`category_id`) REFERENCES `category` (`id`)
) ENGINE=InnoDB AUTO_INCREMENT=137 DEFAULT CHARSET=utf8mb4 COLLATE=utf8mb4_unicode_ci;

INSERT INTO `product` (`id`, `category_id`, `name`, `description`, `image_name`, `quantity`, `slug`, `created_at`, `updated_at`, `price`, `discount_percentage`, `currency`) VALUES
(1,	2,	'Product6524c65238546',	'Lorem ipsum dolor sit amet, consectetur adipiscing elit, sed do eiusmod tempor incididunt ut labore et dolore magna aliqua',	'bureauetudeentrep-65186e94f0c25.png',	13,	'product6524c65238546',	'2023-10-10 03:34:42',	NULL,	46,	14,	'$'),
(2,	5,	'Product6524c65238569',	'Lorem ipsum dolor sit amet, consectetur adipiscing elit, sed do eiusmod tempor incididunt ut labore et dolore magna aliqua',	'bureauetudeentrep-65186e94f0c25.png',	13,	'product6524c65238569',	'2023-10-10 03:34:42',	NULL,	372,	3,	'$'),
(3,	6,	'Product6524c65238580',	'Lorem ipsum dolor sit amet, consectetur adipiscing elit, sed do eiusmod tempor incididunt ut labore et dolore magna aliqua',	'bureauetudeentrep-65186e94f0c25.png',	10,	'product6524c65238580',	'2023-10-10 03:34:42',	NULL,	539,	6,	'$'),
(4,	5,	'Product6524c65238595',	'Lorem ipsum dolor sit amet, consectetur adipiscing elit, sed do eiusmod tempor incididunt ut labore et dolore magna aliqua',	'bureauetudeentrep-65186e94f0c25.png',	15,	'product6524c65238595',	'2023-10-10 03:34:42',	NULL,	223,	7,	'$'),
(5,	5,	'Product6524c652385ac',	'Lorem ipsum dolor sit amet, consectetur adipiscing elit, sed do eiusmod tempor incididunt ut labore et dolore magna aliqua',	'bureauetudeentrep-65186e94f0c25.png',	11,	'product6524c652385ac',	'2023-10-10 03:34:42',	NULL,	504,	3,	'$'),
(6,	5,	'Product6524c652385c2',	'Lorem ipsum dolor sit amet, consectetur adipiscing elit, sed do eiusmod tempor incididunt ut labore et dolore magna aliqua',	'bureauetudeentrep-65186e94f0c25.png',	14,	'product6524c652385c2',	'2023-10-10 03:34:42',	NULL,	137,	3,	'$'),
(7,	5,	'Product6524c652385d6',	'Lorem ipsum dolor sit amet, consectetur adipiscing elit, sed do eiusmod tempor incididunt ut labore et dolore magna aliqua',	'bureauetudeentrep-65186e94f0c25.png',	13,	'product6524c652385d6',	'2023-10-10 03:34:42',	NULL,	586,	2,	'$'),
(8,	5,	'Product6524c652385ea',	'Lorem ipsum dolor sit amet, consectetur adipiscing elit, sed do eiusmod tempor incididunt ut labore et dolore magna aliqua',	'bureauetudeentrep-65186e94f0c25.png',	15,	'product6524c652385ea',	'2023-10-10 03:34:42',	NULL,	568,	19,	'$'),
(9,	4,	'Product6524c652385fe',	'Lorem ipsum dolor sit amet, consectetur adipiscing elit, sed do eiusmod tempor incididunt ut labore et dolore magna aliqua',	'bureauetudeentrep-65186e94f0c25.png',	14,	'product6524c652385fe',	'2023-10-10 03:34:42',	NULL,	456,	12,	'$'),
(10,	3,	'Product6524c65238613',	'Lorem ipsum dolor sit amet, consectetur adipiscing elit, sed do eiusmod tempor incididunt ut labore et dolore magna aliqua',	'bureauetudeentrep-65186e94f0c25.png',	14,	'product6524c65238613',	'2023-10-10 03:34:42',	NULL,	92,	18,	'$'),
(11,	3,	'Product6524c65238626',	'Lorem ipsum dolor sit amet, consectetur adipiscing elit, sed do eiusmod tempor incididunt ut labore et dolore magna aliqua',	'bureauetudeentrep-65186e94f0c25.png',	14,	'product6524c65238626',	'2023-10-10 03:34:42',	NULL,	524,	3,	'$'),
(12,	5,	'Product6524c6523863a',	'Lorem ipsum dolor sit amet, consectetur adipiscing elit, sed do eiusmod tempor incididunt ut labore et dolore magna aliqua',	'bureauetudeentrep-65186e94f0c25.png',	12,	'product6524c6523863a',	'2023-10-10 03:34:42',	NULL,	484,	7,	'$'),
(13,	2,	'Product6524c6523864e',	'Lorem ipsum dolor sit amet, consectetur adipiscing elit, sed do eiusmod tempor incididunt ut labore et dolore magna aliqua',	'bureauetudeentrep-65186e94f0c25.png',	11,	'product6524c6523864e',	'2023-10-10 03:34:42',	NULL,	42,	15,	'$'),
(14,	3,	'Product6524c65238662',	'Lorem ipsum dolor sit amet, consectetur adipiscing elit, sed do eiusmod tempor incididunt ut labore et dolore magna aliqua',	'bureauetudeentrep-65186e94f0c25.png',	15,	'product6524c65238662',	'2023-10-10 03:34:42',	NULL,	531,	14,	'$'),
(15,	5,	'Product6524c65238676',	'Lorem ipsum dolor sit amet, consectetur adipiscing elit, sed do eiusmod tempor incididunt ut labore et dolore magna aliqua',	'bureauetudeentrep-65186e94f0c25.png',	10,	'product6524c65238676',	'2023-10-10 03:34:42',	NULL,	238,	13,	'$'),
(16,	6,	'Product6524c6523868a',	'Lorem ipsum dolor sit amet, consectetur adipiscing elit, sed do eiusmod tempor incididunt ut labore et dolore magna aliqua',	'bureauetudeentrep-65186e94f0c25.png',	10,	'product6524c6523868a',	'2023-10-10 03:34:42',	NULL,	412,	3,	'$'),
(17,	6,	'Product6524c6523869e',	'Lorem ipsum dolor sit amet, consectetur adipiscing elit, sed do eiusmod tempor incididunt ut labore et dolore magna aliqua',	'bureauetudeentrep-65186e94f0c25.png',	12,	'product6524c6523869e',	'2023-10-10 03:34:42',	NULL,	168,	13,	'$'),
(18,	2,	'Product6524c652386b2',	'Lorem ipsum dolor sit amet, consectetur adipiscing elit, sed do eiusmod tempor incididunt ut labore et dolore magna aliqua',	'bureauetudeentrep-65186e94f0c25.png',	12,	'product6524c652386b2',	'2023-10-10 03:34:42',	NULL,	185,	1,	'$'),
(19,	6,	'Product6524c652386c6',	'Lorem ipsum dolor sit amet, consectetur adipiscing elit, sed do eiusmod tempor incididunt ut labore et dolore magna aliqua',	'bureauetudeentrep-65186e94f0c25.png',	12,	'product6524c652386c6',	'2023-10-10 03:34:42',	NULL,	394,	8,	'$'),
(20,	4,	'Product6524c652386d9',	'Lorem ipsum dolor sit amet, consectetur adipiscing elit, sed do eiusmod tempor incididunt ut labore et dolore magna aliqua',	'bureauetudeentrep-65186e94f0c25.png',	13,	'product6524c652386d9',	'2023-10-10 03:34:42',	NULL,	477,	11,	'$'),
(21,	2,	'Product6524c658a05ae',	'Lorem ipsum dolor sit amet, consectetur adipiscing elit, sed do eiusmod tempor incididunt ut labore et dolore magna aliqua',	'bureauetudeentrep-65186e94f0c25.png',	12,	'product6524c658a05ae',	'2023-10-10 03:34:48',	NULL,	211,	10,	'$'),
(22,	5,	'Product6524c658a05d2',	'Lorem ipsum dolor sit amet, consectetur adipiscing elit, sed do eiusmod tempor incididunt ut labore et dolore magna aliqua',	'bureauetudeentrep-65186e94f0c25.png',	15,	'product6524c658a05d2',	'2023-10-10 03:34:48',	NULL,	115,	17,	'$'),
(23,	4,	'Product6524c658a05eb',	'Lorem ipsum dolor sit amet, consectetur adipiscing elit, sed do eiusmod tempor incididunt ut labore et dolore magna aliqua',	'bureauetudeentrep-65186e94f0c25.png',	10,	'product6524c658a05eb',	'2023-10-10 03:34:48',	NULL,	258,	7,	'$'),
(24,	6,	'Product6524c658a0602',	'Lorem ipsum dolor sit amet, consectetur adipiscing elit, sed do eiusmod tempor incididunt ut labore et dolore magna aliqua',	'bureauetudeentrep-65186e94f0c25.png',	13,	'product6524c658a0602',	'2023-10-10 03:34:48',	NULL,	108,	20,	'$'),
(25,	2,	'Product6524c658a0618',	'Lorem ipsum dolor sit amet, consectetur adipiscing elit, sed do eiusmod tempor incididunt ut labore et dolore magna aliqua',	'bureauetudeentrep-65186e94f0c25.png',	10,	'product6524c658a0618',	'2023-10-10 03:34:48',	NULL,	64,	15,	'$'),
(26,	6,	'Product6524c658a062d',	'Lorem ipsum dolor sit amet, consectetur adipiscing elit, sed do eiusmod tempor incididunt ut labore et dolore magna aliqua',	'bureauetudeentrep-65186e94f0c25.png',	12,	'product6524c658a062d',	'2023-10-10 03:34:48',	NULL,	386,	5,	'$'),
(27,	4,	'Product6524c658a0642',	'Lorem ipsum dolor sit amet, consectetur adipiscing elit, sed do eiusmod tempor incididunt ut labore et dolore magna aliqua',	'bureauetudeentrep-65186e94f0c25.png',	11,	'product6524c658a0642',	'2023-10-10 03:34:48',	NULL,	221,	14,	'$'),
(28,	2,	'Product6524c658a0658',	'Lorem ipsum dolor sit amet, consectetur adipiscing elit, sed do eiusmod tempor incididunt ut labore et dolore magna aliqua',	'bureauetudeentrep-65186e94f0c25.png',	12,	'product6524c658a0658',	'2023-10-10 03:34:48',	NULL,	90,	17,	'$'),
(29,	6,	'Product6524c658a066e',	'Lorem ipsum dolor sit amet, consectetur adipiscing elit, sed do eiusmod tempor incididunt ut labore et dolore magna aliqua',	'bureauetudeentrep-65186e94f0c25.png',	13,	'product6524c658a066e',	'2023-10-10 03:34:48',	NULL,	489,	13,	'$'),
(30,	5,	'Product6524c658a0683',	'Lorem ipsum dolor sit amet, consectetur adipiscing elit, sed do eiusmod tempor incididunt ut labore et dolore magna aliqua',	'bureauetudeentrep-65186e94f0c25.png',	13,	'product6524c658a0683',	'2023-10-10 03:34:48',	NULL,	363,	20,	'$'),
(31,	3,	'Product6524c658a0698',	'Lorem ipsum dolor sit amet, consectetur adipiscing elit, sed do eiusmod tempor incididunt ut labore et dolore magna aliqua',	'bureauetudeentrep-65186e94f0c25.png',	11,	'product6524c658a0698',	'2023-10-10 03:34:48',	NULL,	510,	7,	'$'),
(32,	5,	'Product6524c658a06d0',	'Lorem ipsum dolor sit amet, consectetur adipiscing elit, sed do eiusmod tempor incididunt ut labore et dolore magna aliqua',	'bureauetudeentrep-65186e94f0c25.png',	10,	'product6524c658a06d0',	'2023-10-10 03:34:48',	NULL,	413,	16,	'$'),
(33,	2,	'Product6524c658a06e7',	'Lorem ipsum dolor sit amet, consectetur adipiscing elit, sed do eiusmod tempor incididunt ut labore et dolore magna aliqua',	'bureauetudeentrep-65186e94f0c25.png',	14,	'product6524c658a06e7',	'2023-10-10 03:34:48',	NULL,	37,	8,	'$'),
(34,	6,	'Product6524c658a06fc',	'Lorem ipsum dolor sit amet, consectetur adipiscing elit, sed do eiusmod tempor incididunt ut labore et dolore magna aliqua',	'bureauetudeentrep-65186e94f0c25.png',	10,	'product6524c658a06fc',	'2023-10-10 03:34:48',	NULL,	428,	4,	'$'),
(35,	3,	'Product6524c658a0712',	'Lorem ipsum dolor sit amet, consectetur adipiscing elit, sed do eiusmod tempor incididunt ut labore et dolore magna aliqua',	'bureauetudeentrep-65186e94f0c25.png',	14,	'product6524c658a0712',	'2023-10-10 03:34:48',	NULL,	211,	18,	'$'),
(36,	2,	'Product6524c658a0727',	'Lorem ipsum dolor sit amet, consectetur adipiscing elit, sed do eiusmod tempor incididunt ut labore et dolore magna aliqua',	'bureauetudeentrep-65186e94f0c25.png',	12,	'product6524c658a0727',	'2023-10-10 03:34:48',	NULL,	200,	3,	'$'),
(37,	6,	'Product6524c658a073c',	'Lorem ipsum dolor sit amet, consectetur adipiscing elit, sed do eiusmod tempor incididunt ut labore et dolore magna aliqua',	'bureauetudeentrep-65186e94f0c25.png',	13,	'product6524c658a073c',	'2023-10-10 03:34:48',	NULL,	372,	5,	'$'),
(38,	2,	'Product6524c658a0750',	'Lorem ipsum dolor sit amet, consectetur adipiscing elit, sed do eiusmod tempor incididunt ut labore et dolore magna aliqua',	'bureauetudeentrep-65186e94f0c25.png',	15,	'product6524c658a0750',	'2023-10-10 03:34:48',	NULL,	161,	5,	'$'),
(39,	3,	'Product6524c658a0765',	'Lorem ipsum dolor sit amet, consectetur adipiscing elit, sed do eiusmod tempor incididunt ut labore et dolore magna aliqua',	'bureauetudeentrep-65186e94f0c25.png',	13,	'product6524c658a0765',	'2023-10-10 03:34:48',	NULL,	529,	18,	'$'),
(40,	2,	'Product6524c658a0798',	'Lorem ipsum dolor sit amet, consectetur adipiscing elit, sed do eiusmod tempor incididunt ut labore et dolore magna aliqua',	'bureauetudeentrep-65186e94f0c25.png',	12,	'product6524c658a0798',	'2023-10-10 03:34:48',	NULL,	388,	15,	'$'),
(41,	2,	'Product6524c658a07ae',	'Lorem ipsum dolor sit amet, consectetur adipiscing elit, sed do eiusmod tempor incididunt ut labore et dolore magna aliqua',	'bureauetudeentrep-65186e94f0c25.png',	13,	'product6524c658a07ae',	'2023-10-10 03:34:48',	NULL,	440,	8,	'$'),
(42,	2,	'Product6524c658a07c2',	'Lorem ipsum dolor sit amet, consectetur adipiscing elit, sed do eiusmod tempor incididunt ut labore et dolore magna aliqua',	'bureauetudeentrep-65186e94f0c25.png',	11,	'product6524c658a07c2',	'2023-10-10 03:34:48',	NULL,	300,	16,	'$'),
(43,	4,	'Product6524c658a07d7',	'Lorem ipsum dolor sit amet, consectetur adipiscing elit, sed do eiusmod tempor incididunt ut labore et dolore magna aliqua',	'bureauetudeentrep-65186e94f0c25.png',	15,	'product6524c658a07d7',	'2023-10-10 03:34:48',	NULL,	200,	13,	'$'),
(44,	6,	'Product6524c658a07eb',	'Lorem ipsum dolor sit amet, consectetur adipiscing elit, sed do eiusmod tempor incididunt ut labore et dolore magna aliqua',	'bureauetudeentrep-65186e94f0c25.png',	15,	'product6524c658a07eb',	'2023-10-10 03:34:48',	NULL,	493,	19,	'$'),
(45,	6,	'Product6524c658a07ff',	'Lorem ipsum dolor sit amet, consectetur adipiscing elit, sed do eiusmod tempor incididunt ut labore et dolore magna aliqua',	'bureauetudeentrep-65186e94f0c25.png',	15,	'product6524c658a07ff',	'2023-10-10 03:34:48',	NULL,	55,	12,	'$'),
(46,	4,	'Product6524c658a0813',	'Lorem ipsum dolor sit amet, consectetur adipiscing elit, sed do eiusmod tempor incididunt ut labore et dolore magna aliqua',	'bureauetudeentrep-65186e94f0c25.png',	11,	'product6524c658a0813',	'2023-10-10 03:34:48',	NULL,	295,	20,	'$'),
(47,	6,	'Product6524c658a0827',	'Lorem ipsum dolor sit amet, consectetur adipiscing elit, sed do eiusmod tempor incididunt ut labore et dolore magna aliqua',	'bureauetudeentrep-65186e94f0c25.png',	11,	'product6524c658a0827',	'2023-10-10 03:34:48',	NULL,	399,	6,	'$'),
(48,	2,	'Product6524c658a083b',	'Lorem ipsum dolor sit amet, consectetur adipiscing elit, sed do eiusmod tempor incididunt ut labore et dolore magna aliqua',	'bureauetudeentrep-65186e94f0c25.png',	14,	'product6524c658a083b',	'2023-10-10 03:34:48',	NULL,	380,	15,	'$'),
(49,	4,	'Product6524c658a084f',	'Lorem ipsum dolor sit amet, consectetur adipiscing elit, sed do eiusmod tempor incididunt ut labore et dolore magna aliqua',	'bureauetudeentrep-65186e94f0c25.png',	10,	'product6524c658a084f',	'2023-10-10 03:34:48',	NULL,	347,	17,	'$'),
(50,	6,	'Product6524c658a0881',	'Lorem ipsum dolor sit amet, consectetur adipiscing elit, sed do eiusmod tempor incididunt ut labore et dolore magna aliqua',	'bureauetudeentrep-65186e94f0c25.png',	10,	'product6524c658a0881',	'2023-10-10 03:34:48',	NULL,	150,	1,	'$'),
(51,	4,	'Product6524c658a0896',	'Lorem ipsum dolor sit amet, consectetur adipiscing elit, sed do eiusmod tempor incididunt ut labore et dolore magna aliqua',	'bureauetudeentrep-65186e94f0c25.png',	13,	'product6524c658a0896',	'2023-10-10 03:34:48',	NULL,	412,	1,	'$'),
(52,	3,	'Product6524c658a08ab',	'Lorem ipsum dolor sit amet, consectetur adipiscing elit, sed do eiusmod tempor incididunt ut labore et dolore magna aliqua',	'bureauetudeentrep-65186e94f0c25.png',	14,	'product6524c658a08ab',	'2023-10-10 03:34:48',	NULL,	564,	16,	'$'),
(53,	3,	'Product6524c658a08c0',	'Lorem ipsum dolor sit amet, consectetur adipiscing elit, sed do eiusmod tempor incididunt ut labore et dolore magna aliqua',	'bureauetudeentrep-65186e94f0c25.png',	14,	'product6524c658a08c0',	'2023-10-10 03:34:48',	NULL,	260,	5,	'$'),
(54,	2,	'Product6524c658a08d5',	'Lorem ipsum dolor sit amet, consectetur adipiscing elit, sed do eiusmod tempor incididunt ut labore et dolore magna aliqua',	'bureauetudeentrep-65186e94f0c25.png',	11,	'product6524c658a08d5',	'2023-10-10 03:34:48',	NULL,	19,	14,	'$'),
(55,	4,	'Product6524c658a08e9',	'Lorem ipsum dolor sit amet, consectetur adipiscing elit, sed do eiusmod tempor incididunt ut labore et dolore magna aliqua',	'bureauetudeentrep-65186e94f0c25.png',	14,	'product6524c658a08e9',	'2023-10-10 03:34:48',	NULL,	517,	2,	'$'),
(56,	5,	'Product6524c658a08fe',	'Lorem ipsum dolor sit amet, consectetur adipiscing elit, sed do eiusmod tempor incididunt ut labore et dolore magna aliqua',	'bureauetudeentrep-65186e94f0c25.png',	11,	'product6524c658a08fe',	'2023-10-10 03:34:48',	NULL,	538,	17,	'$'),
(57,	5,	'Product6524c658a091a',	'Lorem ipsum dolor sit amet, consectetur adipiscing elit, sed do eiusmod tempor incididunt ut labore et dolore magna aliqua',	'bureauetudeentrep-65186e94f0c25.png',	10,	'product6524c658a091a',	'2023-10-10 03:34:48',	NULL,	233,	6,	'$'),
(58,	3,	'Product6524c658a0930',	'Lorem ipsum dolor sit amet, consectetur adipiscing elit, sed do eiusmod tempor incididunt ut labore et dolore magna aliqua',	'bureauetudeentrep-65186e94f0c25.png',	14,	'product6524c658a0930',	'2023-10-10 03:34:48',	NULL,	24,	2,	'$'),
(59,	2,	'Product6524c658a0962',	'Lorem ipsum dolor sit amet, consectetur adipiscing elit, sed do eiusmod tempor incididunt ut labore et dolore magna aliqua',	'bureauetudeentrep-65186e94f0c25.png',	12,	'product6524c658a0962',	'2023-10-10 03:34:48',	NULL,	517,	16,	'$'),
(60,	3,	'Product6524c658a0978',	'Lorem ipsum dolor sit amet, consectetur adipiscing elit, sed do eiusmod tempor incididunt ut labore et dolore magna aliqua',	'bureauetudeentrep-65186e94f0c25.png',	12,	'product6524c658a0978',	'2023-10-10 03:34:48',	NULL,	544,	1,	'$'),
(61,	6,	'Product6524c658a098d',	'Lorem ipsum dolor sit amet, consectetur adipiscing elit, sed do eiusmod tempor incididunt ut labore et dolore magna aliqua',	'bureauetudeentrep-65186e94f0c25.png',	14,	'product6524c658a098d',	'2023-10-10 03:34:48',	NULL,	363,	17,	'$'),
(62,	2,	'Product6524c658a09a9',	'Lorem ipsum dolor sit amet, consectetur adipiscing elit, sed do eiusmod tempor incididunt ut labore et dolore magna aliqua',	'bureauetudeentrep-65186e94f0c25.png',	13,	'product6524c658a09a9',	'2023-10-10 03:34:48',	NULL,	524,	14,	'$'),
(63,	2,	'Product6524c658a09cc',	'Lorem ipsum dolor sit amet, consectetur adipiscing elit, sed do eiusmod tempor incididunt ut labore et dolore magna aliqua',	'bureauetudeentrep-65186e94f0c25.png',	14,	'product6524c658a09cc',	'2023-10-10 03:34:48',	NULL,	502,	7,	'$'),
(64,	2,	'Product6524c658a09e1',	'Lorem ipsum dolor sit amet, consectetur adipiscing elit, sed do eiusmod tempor incididunt ut labore et dolore magna aliqua',	'bureauetudeentrep-65186e94f0c25.png',	13,	'product6524c658a09e1',	'2023-10-10 03:34:48',	NULL,	122,	6,	'$'),
(65,	4,	'Product6524c658a09f5',	'Lorem ipsum dolor sit amet, consectetur adipiscing elit, sed do eiusmod tempor incididunt ut labore et dolore magna aliqua',	'bureauetudeentrep-65186e94f0c25.png',	14,	'product6524c658a09f5',	'2023-10-10 03:34:48',	NULL,	357,	13,	'$'),
(66,	6,	'Product6524c658a0a09',	'Lorem ipsum dolor sit amet, consectetur adipiscing elit, sed do eiusmod tempor incididunt ut labore et dolore magna aliqua',	'bureauetudeentrep-65186e94f0c25.png',	11,	'product6524c658a0a09',	'2023-10-10 03:34:48',	NULL,	443,	11,	'$'),
(67,	6,	'Product6524c658a0a1d',	'Lorem ipsum dolor sit amet, consectetur adipiscing elit, sed do eiusmod tempor incididunt ut labore et dolore magna aliqua',	'bureauetudeentrep-65186e94f0c25.png',	13,	'product6524c658a0a1d',	'2023-10-10 03:34:48',	NULL,	45,	1,	'$'),
(68,	3,	'Product6524c658a0a31',	'Lorem ipsum dolor sit amet, consectetur adipiscing elit, sed do eiusmod tempor incididunt ut labore et dolore magna aliqua',	'bureauetudeentrep-65186e94f0c25.png',	12,	'product6524c658a0a31',	'2023-10-10 03:34:48',	NULL,	67,	9,	'$'),
(69,	3,	'Product6524c658a0a67',	'Lorem ipsum dolor sit amet, consectetur adipiscing elit, sed do eiusmod tempor incididunt ut labore et dolore magna aliqua',	'bureauetudeentrep-65186e94f0c25.png',	12,	'product6524c658a0a67',	'2023-10-10 03:34:48',	NULL,	105,	15,	'$'),
(70,	5,	'Product6524c658a0a7d',	'Lorem ipsum dolor sit amet, consectetur adipiscing elit, sed do eiusmod tempor incididunt ut labore et dolore magna aliqua',	'bureauetudeentrep-65186e94f0c25.png',	13,	'product6524c658a0a7d',	'2023-10-10 03:34:48',	NULL,	254,	17,	'$'),
(71,	6,	'Product6524c658a0a91',	'Lorem ipsum dolor sit amet, consectetur adipiscing elit, sed do eiusmod tempor incididunt ut labore et dolore magna aliqua',	'bureauetudeentrep-65186e94f0c25.png',	10,	'product6524c658a0a91',	'2023-10-10 03:34:48',	NULL,	255,	11,	'$'),
(72,	5,	'Product6524c658a0aa5',	'Lorem ipsum dolor sit amet, consectetur adipiscing elit, sed do eiusmod tempor incididunt ut labore et dolore magna aliqua',	'bureauetudeentrep-65186e94f0c25.png',	14,	'product6524c658a0aa5',	'2023-10-10 03:34:48',	NULL,	222,	2,	'$'),
(73,	6,	'Product6524c658a0ab9',	'Lorem ipsum dolor sit amet, consectetur adipiscing elit, sed do eiusmod tempor incididunt ut labore et dolore magna aliqua',	'bureauetudeentrep-65186e94f0c25.png',	15,	'product6524c658a0ab9',	'2023-10-10 03:34:48',	NULL,	438,	12,	'$'),
(74,	3,	'Product6524c658a0acd',	'Lorem ipsum dolor sit amet, consectetur adipiscing elit, sed do eiusmod tempor incididunt ut labore et dolore magna aliqua',	'bureauetudeentrep-65186e94f0c25.png',	14,	'product6524c658a0acd',	'2023-10-10 03:34:48',	NULL,	281,	10,	'$'),
(75,	6,	'Product6524c658a0ae1',	'Lorem ipsum dolor sit amet, consectetur adipiscing elit, sed do eiusmod tempor incididunt ut labore et dolore magna aliqua',	'bureauetudeentrep-65186e94f0c25.png',	14,	'product6524c658a0ae1',	'2023-10-10 03:34:48',	NULL,	98,	4,	'$'),
(76,	3,	'Product6524c658a0af5',	'Lorem ipsum dolor sit amet, consectetur adipiscing elit, sed do eiusmod tempor incididunt ut labore et dolore magna aliqua',	'bureauetudeentrep-65186e94f0c25.png',	12,	'product6524c658a0af5',	'2023-10-10 03:34:48',	NULL,	224,	18,	'$'),
(77,	4,	'Product6524c658a0b09',	'Lorem ipsum dolor sit amet, consectetur adipiscing elit, sed do eiusmod tempor incididunt ut labore et dolore magna aliqua',	'bureauetudeentrep-65186e94f0c25.png',	10,	'product6524c658a0b09',	'2023-10-10 03:34:48',	NULL,	280,	1,	'$'),
(78,	5,	'Product6524c658a0b1c',	'Lorem ipsum dolor sit amet, consectetur adipiscing elit, sed do eiusmod tempor incididunt ut labore et dolore magna aliqua',	'bureauetudeentrep-65186e94f0c25.png',	13,	'product6524c658a0b1c',	'2023-10-10 03:34:48',	NULL,	522,	2,	'$'),
(79,	5,	'Product6524c658a0b30',	'Lorem ipsum dolor sit amet, consectetur adipiscing elit, sed do eiusmod tempor incididunt ut labore et dolore magna aliqua',	'bureauetudeentrep-65186e94f0c25.png',	14,	'product6524c658a0b30',	'2023-10-10 03:34:48',	NULL,	391,	7,	'$'),
(80,	5,	'Product6524c658a0b44',	'Lorem ipsum dolor sit amet, consectetur adipiscing elit, sed do eiusmod tempor incididunt ut labore et dolore magna aliqua',	'bureauetudeentrep-65186e94f0c25.png',	15,	'product6524c658a0b44',	'2023-10-10 03:34:48',	NULL,	162,	15,	'$'),
(81,	6,	'Product6524c658a0b58',	'Lorem ipsum dolor sit amet, consectetur adipiscing elit, sed do eiusmod tempor incididunt ut labore et dolore magna aliqua',	'bureauetudeentrep-65186e94f0c25.png',	11,	'product6524c658a0b58',	'2023-10-10 03:34:48',	NULL,	88,	4,	'$'),
(82,	5,	'Product6524c658a0b6c',	'Lorem ipsum dolor sit amet, consectetur adipiscing elit, sed do eiusmod tempor incididunt ut labore et dolore magna aliqua',	'bureauetudeentrep-65186e94f0c25.png',	15,	'product6524c658a0b6c',	'2023-10-10 03:34:48',	NULL,	383,	5,	'$'),
(83,	6,	'Product6524c658a0b84',	'Lorem ipsum dolor sit amet, consectetur adipiscing elit, sed do eiusmod tempor incididunt ut labore et dolore magna aliqua',	'bureauetudeentrep-65186e94f0c25.png',	12,	'product6524c658a0b84',	'2023-10-10 03:34:48',	NULL,	311,	10,	'$'),
(84,	3,	'Product6524c658a0b98',	'Lorem ipsum dolor sit amet, consectetur adipiscing elit, sed do eiusmod tempor incididunt ut labore et dolore magna aliqua',	'bureauetudeentrep-65186e94f0c25.png',	15,	'product6524c658a0b98',	'2023-10-10 03:34:48',	NULL,	482,	19,	'$'),
(85,	6,	'Product6524c658a0bab',	'Lorem ipsum dolor sit amet, consectetur adipiscing elit, sed do eiusmod tempor incididunt ut labore et dolore magna aliqua',	'bureauetudeentrep-65186e94f0c25.png',	15,	'product6524c658a0bab',	'2023-10-10 03:34:48',	NULL,	404,	15,	'$'),
(86,	5,	'Product6524c658a0bdc',	'Lorem ipsum dolor sit amet, consectetur adipiscing elit, sed do eiusmod tempor incididunt ut labore et dolore magna aliqua',	'bureauetudeentrep-65186e94f0c25.png',	15,	'product6524c658a0bdc',	'2023-10-10 03:34:48',	NULL,	481,	14,	'$'),
(87,	3,	'Product6524c658a0bf1',	'Lorem ipsum dolor sit amet, consectetur adipiscing elit, sed do eiusmod tempor incididunt ut labore et dolore magna aliqua',	'bureauetudeentrep-65186e94f0c25.png',	10,	'product6524c658a0bf1',	'2023-10-10 03:34:48',	NULL,	546,	16,	'$'),
(88,	2,	'Product6524c658a0c0a',	'Lorem ipsum dolor sit amet, consectetur adipiscing elit, sed do eiusmod tempor incididunt ut labore et dolore magna aliqua',	'bureauetudeentrep-65186e94f0c25.png',	12,	'product6524c658a0c0a',	'2023-10-10 03:34:48',	NULL,	355,	18,	'$'),
(89,	2,	'Product6524c658a0c1f',	'Lorem ipsum dolor sit amet, consectetur adipiscing elit, sed do eiusmod tempor incididunt ut labore et dolore magna aliqua',	'bureauetudeentrep-65186e94f0c25.png',	13,	'product6524c658a0c1f',	'2023-10-10 03:34:48',	NULL,	98,	16,	'$'),
(90,	4,	'Product6524c658a0c3e',	'Lorem ipsum dolor sit amet, consectetur adipiscing elit, sed do eiusmod tempor incididunt ut labore et dolore magna aliqua',	'bureauetudeentrep-65186e94f0c25.png',	12,	'product6524c658a0c3e',	'2023-10-10 03:34:48',	NULL,	141,	5,	'$'),
(91,	5,	'Product6524c658a0c53',	'Lorem ipsum dolor sit amet, consectetur adipiscing elit, sed do eiusmod tempor incididunt ut labore et dolore magna aliqua',	'bureauetudeentrep-65186e94f0c25.png',	10,	'product6524c658a0c53',	'2023-10-10 03:34:48',	NULL,	586,	12,	'$'),
(92,	2,	'Product6524c658a0c67',	'Lorem ipsum dolor sit amet, consectetur adipiscing elit, sed do eiusmod tempor incididunt ut labore et dolore magna aliqua',	'bureauetudeentrep-65186e94f0c25.png',	15,	'product6524c658a0c67',	'2023-10-10 03:34:48',	NULL,	352,	2,	'$'),
(93,	3,	'Product6524c658a0c7b',	'Lorem ipsum dolor sit amet, consectetur adipiscing elit, sed do eiusmod tempor incididunt ut labore et dolore magna aliqua',	'bureauetudeentrep-65186e94f0c25.png',	14,	'product6524c658a0c7b',	'2023-10-10 03:34:48',	NULL,	565,	18,	'$'),
(94,	2,	'Product6524c658a0c8f',	'Lorem ipsum dolor sit amet, consectetur adipiscing elit, sed do eiusmod tempor incididunt ut labore et dolore magna aliqua',	'bureauetudeentrep-65186e94f0c25.png',	15,	'product6524c658a0c8f',	'2023-10-10 03:34:48',	NULL,	307,	12,	'$'),
(95,	5,	'Product6524c658a0ca3',	'Lorem ipsum dolor sit amet, consectetur adipiscing elit, sed do eiusmod tempor incididunt ut labore et dolore magna aliqua',	'bureauetudeentrep-65186e94f0c25.png',	12,	'product6524c658a0ca3',	'2023-10-10 03:34:48',	NULL,	300,	7,	'$'),
(96,	6,	'Product6524c658a0cb7',	'Lorem ipsum dolor sit amet, consectetur adipiscing elit, sed do eiusmod tempor incididunt ut labore et dolore magna aliqua',	'bureauetudeentrep-65186e94f0c25.png',	12,	'product6524c658a0cb7',	'2023-10-10 03:34:48',	NULL,	160,	16,	'$'),
(97,	4,	'Product6524c658a0cca',	'Lorem ipsum dolor sit amet, consectetur adipiscing elit, sed do eiusmod tempor incididunt ut labore et dolore magna aliqua',	'bureauetudeentrep-65186e94f0c25.png',	13,	'product6524c658a0cca',	'2023-10-10 03:34:48',	NULL,	239,	16,	'$'),
(98,	5,	'Product6524c658a0cdf',	'Lorem ipsum dolor sit amet, consectetur adipiscing elit, sed do eiusmod tempor incididunt ut labore et dolore magna aliqua',	'bureauetudeentrep-65186e94f0c25.png',	13,	'product6524c658a0cdf',	'2023-10-10 03:34:48',	NULL,	138,	2,	'$'),
(99,	6,	'Product6524c658a0cf3',	'Lorem ipsum dolor sit amet, consectetur adipiscing elit, sed do eiusmod tempor incididunt ut labore et dolore magna aliqua',	'bureauetudeentrep-65186e94f0c25.png',	13,	'product6524c658a0cf3',	'2023-10-10 03:34:48',	NULL,	159,	10,	'$'),
(100,	4,	'Product6524c658a0d24',	'Lorem ipsum dolor sit amet, consectetur adipiscing elit, sed do eiusmod tempor incididunt ut labore et dolore magna aliqua',	'bureauetudeentrep-65186e94f0c25.png',	13,	'product6524c658a0d24',	'2023-10-10 03:34:48',	NULL,	596,	16,	'$'),
(101,	2,	'Product6524c658a0d39',	'Lorem ipsum dolor sit amet, consectetur adipiscing elit, sed do eiusmod tempor incididunt ut labore et dolore magna aliqua',	'bureauetudeentrep-65186e94f0c25.png',	14,	'product6524c658a0d39',	'2023-10-10 03:34:48',	NULL,	309,	7,	'$'),
(102,	5,	'Product6524c658a0d4d',	'Lorem ipsum dolor sit amet, consectetur adipiscing elit, sed do eiusmod tempor incididunt ut labore et dolore magna aliqua',	'bureauetudeentrep-65186e94f0c25.png',	11,	'product6524c658a0d4d',	'2023-10-10 03:34:48',	NULL,	381,	10,	'$'),
(103,	3,	'Product6524c658a0d61',	'Lorem ipsum dolor sit amet, consectetur adipiscing elit, sed do eiusmod tempor incididunt ut labore et dolore magna aliqua',	'bureauetudeentrep-65186e94f0c25.png',	13,	'product6524c658a0d61',	'2023-10-10 03:34:48',	NULL,	144,	1,	'$'),
(104,	3,	'Product6524c658a0d75',	'Lorem ipsum dolor sit amet, consectetur adipiscing elit, sed do eiusmod tempor incididunt ut labore et dolore magna aliqua',	'bureauetudeentrep-65186e94f0c25.png',	14,	'product6524c658a0d75',	'2023-10-10 03:34:48',	NULL,	192,	7,	'$'),
(105,	6,	'Product6524c658a0d8a',	'Lorem ipsum dolor sit amet, consectetur adipiscing elit, sed do eiusmod tempor incididunt ut labore et dolore magna aliqua',	'bureauetudeentrep-65186e94f0c25.png',	10,	'product6524c658a0d8a',	'2023-10-10 03:34:48',	NULL,	98,	3,	'$'),
(106,	6,	'Product6524c658a0d9d',	'Lorem ipsum dolor sit amet, consectetur adipiscing elit, sed do eiusmod tempor incididunt ut labore et dolore magna aliqua',	'bureauetudeentrep-65186e94f0c25.png',	13,	'product6524c658a0d9d',	'2023-10-10 03:34:48',	NULL,	26,	20,	'$'),
(107,	5,	'Product6524c658a0db1',	'Lorem ipsum dolor sit amet, consectetur adipiscing elit, sed do eiusmod tempor incididunt ut labore et dolore magna aliqua',	'bureauetudeentrep-65186e94f0c25.png',	15,	'product6524c658a0db1',	'2023-10-10 03:34:48',	NULL,	380,	5,	'$'),
(108,	5,	'Product6524c658a0dc5',	'Lorem ipsum dolor sit amet, consectetur adipiscing elit, sed do eiusmod tempor incididunt ut labore et dolore magna aliqua',	'bureauetudeentrep-65186e94f0c25.png',	10,	'product6524c658a0dc5',	'2023-10-10 03:34:48',	NULL,	472,	4,	'$'),
(109,	5,	'Product6524c658a0dd9',	'Lorem ipsum dolor sit amet, consectetur adipiscing elit, sed do eiusmod tempor incididunt ut labore et dolore magna aliqua',	'bureauetudeentrep-65186e94f0c25.png',	15,	'product6524c658a0dd9',	'2023-10-10 03:34:48',	NULL,	558,	19,	'$'),
(110,	5,	'Product6524c658a0dec',	'Lorem ipsum dolor sit amet, consectetur adipiscing elit, sed do eiusmod tempor incididunt ut labore et dolore magna aliqua',	'bureauetudeentrep-65186e94f0c25.png',	15,	'product6524c658a0dec',	'2023-10-10 03:34:48',	NULL,	550,	12,	'$'),
(111,	3,	'Product6524c658a0e1d',	'Lorem ipsum dolor sit amet, consectetur adipiscing elit, sed do eiusmod tempor incididunt ut labore et dolore magna aliqua',	'bureauetudeentrep-65186e94f0c25.png',	10,	'product6524c658a0e1d',	'2023-10-10 03:34:48',	NULL,	497,	17,	'$'),
(112,	3,	'Product6524c658a0e32',	'Lorem ipsum dolor sit amet, consectetur adipiscing elit, sed do eiusmod tempor incididunt ut labore et dolore magna aliqua',	'bureauetudeentrep-65186e94f0c25.png',	12,	'product6524c658a0e32',	'2023-10-10 03:34:48',	NULL,	524,	19,	'$'),
(113,	6,	'Product6524c658a0e46',	'Lorem ipsum dolor sit amet, consectetur adipiscing elit, sed do eiusmod tempor incididunt ut labore et dolore magna aliqua',	'bureauetudeentrep-65186e94f0c25.png',	14,	'product6524c658a0e46',	'2023-10-10 03:34:48',	NULL,	347,	12,	'$'),
(114,	5,	'Product6524c658a0e5a',	'Lorem ipsum dolor sit amet, consectetur adipiscing elit, sed do eiusmod tempor incididunt ut labore et dolore magna aliqua',	'bureauetudeentrep-65186e94f0c25.png',	15,	'product6524c658a0e5a',	'2023-10-10 03:34:48',	NULL,	155,	9,	'$'),
(115,	4,	'Product6524c658a0e6e',	'Lorem ipsum dolor sit amet, consectetur adipiscing elit, sed do eiusmod tempor incididunt ut labore et dolore magna aliqua',	'bureauetudeentrep-65186e94f0c25.png',	14,	'product6524c658a0e6e',	'2023-10-10 03:34:48',	NULL,	194,	3,	'$'),
(116,	3,	'Product6524c658a0e9e',	'Lorem ipsum dolor sit amet, consectetur adipiscing elit, sed do eiusmod tempor incididunt ut labore et dolore magna aliqua',	'bureauetudeentrep-65186e94f0c25.png',	11,	'product6524c658a0e9e',	'2023-10-10 03:34:48',	NULL,	199,	1,	'$'),
(117,	3,	'Product6524c658a0eb3',	'Lorem ipsum dolor sit amet, consectetur adipiscing elit, sed do eiusmod tempor incididunt ut labore et dolore magna aliqua',	'bureauetudeentrep-65186e94f0c25.png',	12,	'product6524c658a0eb3',	'2023-10-10 03:34:48',	NULL,	80,	19,	'$'),
(118,	2,	'Product6524c658a0ec7',	'Lorem ipsum dolor sit amet, consectetur adipiscing elit, sed do eiusmod tempor incididunt ut labore et dolore magna aliqua',	'bureauetudeentrep-65186e94f0c25.png',	12,	'product6524c658a0ec7',	'2023-10-10 03:34:48',	NULL,	125,	14,	'$'),
(119,	5,	'Product6524c658a0edc',	'Lorem ipsum dolor sit amet, consectetur adipiscing elit, sed do eiusmod tempor incididunt ut labore et dolore magna aliqua',	'bureauetudeentrep-65186e94f0c25.png',	10,	'product6524c658a0edc',	'2023-10-10 03:34:48',	NULL,	76,	10,	'$'),
(120,	4,	'Product6524c658a0ef0',	'Lorem ipsum dolor sit amet, consectetur adipiscing elit, sed do eiusmod tempor incididunt ut labore et dolore magna aliqua',	'bureauetudeentrep-65186e94f0c25.png',	13,	'product6524c658a0ef0',	'2023-10-10 03:34:48',	NULL,	69,	14,	'$'),
(121,	4,	'Product6524c658a0f03',	'Lorem ipsum dolor sit amet, consectetur adipiscing elit, sed do eiusmod tempor incididunt ut labore et dolore magna aliqua',	'bureauetudeentrep-65186e94f0c25.png',	14,	'product6524c658a0f03',	'2023-10-10 03:34:48',	NULL,	377,	7,	'$'),
(122,	5,	'Product6524c658a0f17',	'Lorem ipsum dolor sit amet, consectetur adipiscing elit, sed do eiusmod tempor incididunt ut labore et dolore magna aliqua',	'bureauetudeentrep-65186e94f0c25.png',	15,	'product6524c658a0f17',	'2023-10-10 03:34:48',	NULL,	314,	10,	'$'),
(123,	6,	'Product6524c658a0f2f',	'Lorem ipsum dolor sit amet, consectetur adipiscing elit, sed do eiusmod tempor incididunt ut labore et dolore magna aliqua',	'bureauetudeentrep-65186e94f0c25.png',	15,	'product6524c658a0f2f',	'2023-10-10 03:34:48',	NULL,	436,	17,	'$'),
(124,	5,	'Product6524c658a0f43',	'Lorem ipsum dolor sit amet, consectetur adipiscing elit, sed do eiusmod tempor incididunt ut labore et dolore magna aliqua',	'bureauetudeentrep-65186e94f0c25.png',	11,	'product6524c658a0f43',	'2023-10-10 03:34:48',	NULL,	313,	20,	'$'),
(125,	5,	'Product6524c658a0f68',	'Lorem ipsum dolor sit amet, consectetur adipiscing elit, sed do eiusmod tempor incididunt ut labore et dolore magna aliqua',	'bureauetudeentrep-65186e94f0c25.png',	11,	'product6524c658a0f68',	'2023-10-10 03:34:48',	NULL,	276,	5,	'$'),
(126,	4,	'Product6524c658a0f99',	'Lorem ipsum dolor sit amet, consectetur adipiscing elit, sed do eiusmod tempor incididunt ut labore et dolore magna aliqua',	'bureauetudeentrep-65186e94f0c25.png',	12,	'product6524c658a0f99',	'2023-10-10 03:34:48',	NULL,	410,	20,	'$'),
(127,	3,	'Product6524c658a0fae',	'Lorem ipsum dolor sit amet, consectetur adipiscing elit, sed do eiusmod tempor incididunt ut labore et dolore magna aliqua',	'bureauetudeentrep-65186e94f0c25.png',	14,	'product6524c658a0fae',	'2023-10-10 03:34:48',	NULL,	94,	15,	'$'),
(128,	6,	'Product6524c658a0fc2',	'Lorem ipsum dolor sit amet, consectetur adipiscing elit, sed do eiusmod tempor incididunt ut labore et dolore magna aliqua',	'bureauetudeentrep-65186e94f0c25.png',	10,	'product6524c658a0fc2',	'2023-10-10 03:34:48',	NULL,	126,	20,	'$'),
(129,	6,	'Product6524c658a0fda',	'Lorem ipsum dolor sit amet, consectetur adipiscing elit, sed do eiusmod tempor incididunt ut labore et dolore magna aliqua',	'bureauetudeentrep-65186e94f0c25.png',	13,	'product6524c658a0fda',	'2023-10-10 03:34:48',	NULL,	481,	16,	'$'),
(130,	2,	'Product6524c658a0fef',	'Lorem ipsum dolor sit amet, consectetur adipiscing elit, sed do eiusmod tempor incididunt ut labore et dolore magna aliqua',	'bureauetudeentrep-65186e94f0c25.png',	12,	'product6524c658a0fef',	'2023-10-10 03:34:48',	NULL,	157,	18,	'$'),
(131,	5,	'Product6524c658a1003',	'Lorem ipsum dolor sit amet, consectetur adipiscing elit, sed do eiusmod tempor incididunt ut labore et dolore magna aliqua',	'bureauetudeentrep-65186e94f0c25.png',	12,	'product6524c658a1003',	'2023-10-10 03:34:48',	NULL,	293,	1,	'$'),
(132,	3,	'Product6524c658a1017',	'Lorem ipsum dolor sit amet, consectetur adipiscing elit, sed do eiusmod tempor incididunt ut labore et dolore magna aliqua',	'bureauetudeentrep-65186e94f0c25.png',	10,	'product6524c658a1017',	'2023-10-10 03:34:48',	NULL,	357,	15,	'$'),
(133,	4,	'Product6524c658a102b',	'Lorem ipsum dolor sit amet, consectetur adipiscing elit, sed do eiusmod tempor incididunt ut labore et dolore magna aliqua',	'bureauetudeentrep-65186e94f0c25.png',	15,	'product6524c658a102b',	'2023-10-10 03:34:48',	NULL,	519,	6,	'$'),
(134,	3,	'Product6524c658a1048',	'Lorem ipsum dolor sit amet, consectetur adipiscing elit, sed do eiusmod tempor incididunt ut labore et dolore magna aliqua',	'bureauetudeentrep-65186e94f0c25.png',	11,	'product6524c658a1048',	'2023-10-10 03:34:48',	NULL,	480,	19,	'$'),
(135,	6,	'Product6524c658a105d',	'Lorem ipsum dolor sit amet, consectetur adipiscing elit, sed do eiusmod tempor incididunt ut labore et dolore magna aliqua',	'bureauetudeentrep-65186e94f0c25.png',	12,	'product6524c658a105d',	'2023-10-10 03:34:48',	NULL,	192,	12,	'$'),
(136,	2,	'Product6524c658a1071',	'Lorem ipsum dolor sit amet, consectetur adipiscing elit, sed do eiusmod tempor incididunt ut labore et dolore magna aliqua',	'bureauetudeentrep-65186e94f0c25.png',	15,	'product6524c658a1071',	'2023-10-10 03:34:48',	NULL,	212,	5,	'$')
ON DUPLICATE KEY UPDATE `id` = VALUES(`id`), `category_id` = VALUES(`category_id`), `name` = VALUES(`name`), `description` = VALUES(`description`), `image_name` = VALUES(`image_name`), `quantity` = VALUES(`quantity`), `slug` = VALUES(`slug`), `created_at` = VALUES(`created_at`), `updated_at` = VALUES(`updated_at`), `price` = VALUES(`price`), `discount_percentage` = VALUES(`discount_percentage`), `currency` = VALUES(`currency`);

DROP TABLE IF EXISTS `user`;
CREATE TABLE `user` (
  `id` int NOT NULL AUTO_INCREMENT,
  `email` varchar(180) COLLATE utf8mb4_unicode_ci NOT NULL,
  `roles` json NOT NULL,
  `password` varchar(255) COLLATE utf8mb4_unicode_ci NOT NULL,
  `username` varchar(255) COLLATE utf8mb4_unicode_ci NOT NULL,
  `adresse` varchar(255) COLLATE utf8mb4_unicode_ci NOT NULL,
  `phone` varchar(255) COLLATE utf8mb4_unicode_ci NOT NULL,
  `slug` varchar(255) COLLATE utf8mb4_unicode_ci NOT NULL,
  `created_at` datetime DEFAULT NULL COMMENT '(DC2Type:datetime_immutable)',
  `updated_at` datetime DEFAULT NULL COMMENT '(DC2Type:datetime_immutable)',
  PRIMARY KEY (`id`),
  UNIQUE KEY `UNIQ_8D93D649E7927C74` (`email`),
  UNIQUE KEY `UNIQ_8D93D649989D9B62` (`slug`)
) ENGINE=InnoDB AUTO_INCREMENT=18 DEFAULT CHARSET=utf8mb4 COLLATE=utf8mb4_unicode_ci;

INSERT INTO `user` (`id`, `email`, `roles`, `password`, `username`, `adresse`, `phone`, `slug`, `created_at`, `updated_at`) VALUES
(1,	'user6524c64ea8d14@com',	'[\"ROLE_USER\"]',	'$2y$13$nlambqnaFYpHHvgrsJ7AV.98YigxW3/xYNf1TyT1UUtHEvqX1XzEi',	'User6524c64ea8d11',	'Adresse6524c64ea8d16',	'5',	'user6524c64ea8d11',	'2023-10-10 03:34:39',	NULL),
(2,	'user6524c64f475cb@com',	'[\"ROLE_USER\"]',	'$2y$13$at9pewXTXGjUr6isOf/rXeRET/6diUGLSHpy/AUOFHg/BWQfBmJPK',	'User6524c64f475c9',	'Adresse6524c64f475cc',	'10',	'user6524c64f475c9',	'2023-10-10 03:34:39',	NULL),
(3,	'user6524c64fdb087@com',	'[\"ROLE_USER\"]',	'$2y$13$Kir3gxKYScjMAwUcm4WY9ucMRECue7DSJep.2p0izg3vKMmNb9bWq',	'User6524c64fdb084',	'Adresse6524c64fdb088',	'11',	'user6524c64fdb084',	'2023-10-10 03:34:40',	NULL),
(4,	'user6524c65075914@com',	'[\"ROLE_USER\"]',	'$2y$13$elZOaACH95xX646V9FPAVuDi5FTiOoH2MKb2DUImRm3/UIK9jKLYq',	'User6524c65075912',	'Adresse6524c65075915',	'4',	'user6524c65075912',	'2023-10-10 03:34:41',	NULL),
(5,	'user6524c6510f9fe@com',	'[\"ROLE_USER\"]',	'$2y$13$RBvaH1UC8tub3QqyqSWT8ulRCUrFP.m9ksPhHAX5LI/y0chnzazRe',	'User6524c6510f9fb',	'Adresse6524c6510f9ff',	'1',	'user6524c6510f9fb',	'2023-10-10 03:34:41',	NULL),
(6,	'user6524c6519dbe4@com',	'[\"ROLE_USER\"]',	'$2y$13$ozBxWWMzupA7gBNgUOKgeOtW94ST6svQexiWGIqwpe.4Eok0CWZjS',	'User6524c6519dbe2',	'Adresse6524c6519dbe5',	'12',	'user6524c6519dbe2',	'2023-10-10 03:34:42',	NULL),
(7,	'user6524c652386ee@com',	'[\"ROLE_USER\"]',	'$2y$13$YZwhqix83KeTDayxAGm77.k.GpTBmiG1K2/TGyZAdW/9AIhhjTL3a',	'User6524c652386ed',	'Adresse6524c652386ef',	'8',	'user6524c652386ed',	'2023-10-10 03:34:42',	NULL),
(8,	'user6524c652c6769@com',	'[\"ROLE_USER\"]',	'$2y$13$yU.AXtbF4mK7HZhjwZVDrudaFcLx23XNRiw5iskuyE60JXrveC6Xm',	'User6524c652c6766',	'Adresse6524c652c676a',	'3',	'user6524c652c6766',	'2023-10-10 03:34:43',	NULL),
(9,	'user6524c65360605@com',	'[\"ROLE_USER\"]',	'$2y$13$0FMlZ0nNmbP2CclvUntTO.6.O1VsuRE2z6wdjIqUEExQagu1ZGdhm',	'User6524c65360603',	'Adresse6524c65360606',	'9',	'user6524c65360603',	'2023-10-10 03:34:43',	NULL),
(10,	'user6524c653ee8e9@com',	'[\"ROLE_USER\"]',	'$2y$13$21NT.8uzDIVAWuk7hO6LeOWtj4TDHatubP4fS7OSqydSBEQBj3e5i',	'User6524c653ee8e7',	'Adresse6524c653ee8ea',	'8',	'user6524c653ee8e7',	'2023-10-10 03:34:44',	NULL),
(11,	'user6524c65488968@com',	'[\"ROLE_USER\"]',	'$2y$13$GNZHk3hb6Hm4vib0fa33peYLc/g.wuAByABmQjSkssX/ELcq2owxm',	'User6524c65488965',	'Adresse6524c65488969',	'9',	'user6524c65488965',	'2023-10-10 03:34:45',	NULL),
(12,	'user6524c65522777@com',	'[\"ROLE_USER\"]',	'$2y$13$T.N.uyhuee9aXgr0U.nc0.MnKKD.NrMsfKrWQLljgoyf4SKXD28cC',	'User6524c65522775',	'Adresse6524c65522778',	'7',	'user6524c65522775',	'2023-10-10 03:34:45',	NULL),
(13,	'user6524c655b0a85@com',	'[\"ROLE_USER\"]',	'$2y$13$.m0VGSq6MMk8H0r4auZ7j.CtKa0wxHETMEUuhXCL4DnrXlc8jxqaW',	'User6524c655b0a83',	'Adresse6524c655b0a86',	'9',	'user6524c655b0a83',	'2023-10-10 03:34:46',	NULL),
(14,	'user6524c6564b264@com',	'[\"ROLE_USER\"]',	'$2y$13$zYZkk9kQx5ONdiBm3/vvAeaNpcGt0WKOsdOlH0jluOxakJPnUCAke',	'User6524c6564b262',	'Adresse6524c6564b265',	'10',	'user6524c6564b262',	'2023-10-10 03:34:46',	NULL),
(15,	'user6524c656d972b@com',	'[\"ROLE_USER\"]',	'$2y$13$aFUp6..bOuDwpRMEojzOo.Fcl79ldcQPfbIewtfwF.YyzPKSe9WWe',	'User6524c656d9729',	'Adresse6524c656d972c',	'10',	'user6524c656d9729',	'2023-10-10 03:34:47',	NULL),
(16,	'user6524c657735bd@com',	'[\"ROLE_USER\"]',	'$2y$13$8U41xYJLMXLKHkQUmJq5Q.eGdXecRuRG5RucAQ8WqjFU7rrak8f8K',	'User6524c657735bb',	'Adresse6524c657735be',	'10',	'user6524c657735bb',	'2023-10-10 03:34:48',	NULL),
(17,	'user6524c6581259f@com',	'[\"ROLE_USER\"]',	'$2y$13$WfN1SdWfPgZgtBOMgDhOfuAmGCTdV4FwZ1yqqdFIz9PcWo.sdP0a2',	'User6524c6581259d',	'Adresse6524c658125a0',	'1',	'user6524c6581259d',	'2023-10-10 03:34:48',	NULL)
ON DUPLICATE KEY UPDATE `id` = VALUES(`id`), `email` = VALUES(`email`), `roles` = VALUES(`roles`), `password` = VALUES(`password`), `username` = VALUES(`username`), `adresse` = VALUES(`adresse`), `phone` = VALUES(`phone`), `slug` = VALUES(`slug`), `created_at` = VALUES(`created_at`), `updated_at` = VALUES(`updated_at`);

-- 2023-10-10 03:42:52